q_lat,q_log,q_heg,p_lat,p_log,p_heg,neg_lat,neg_log,neg_heg
6.548869366260093,46.535185331309435,515.1025921097025,6.540862233017199,46.533782835566456,515.1106483684853,6.544781715710807,46.53658555431845,649.9454193310812
